{
  "jayadeep": {
    "registered": 1768986864.2620802
  },
  "Jay": {
    "registered": 1769766722.9533966
  }
}