{
  "jayadeep": {
    "registered": 1768986864.2620802
  },
  "User": {
    "registered": 1769534928.3530028
  }
}