{
  "jayadeep": {
    "registered": 1768986864.2620802
  },
  "Lya": {
    "registered": 1769670733.6598785
  }
}