{
  "jayadeep": {
    "registered": 1768986864.2620802
  },
  "Lays": {
    "registered": 1769685366.7831862
  }
}