{
  "jayadeep": {
    "registered": 1768986864.2620802
  },
  "lasya": {
    "registered": 1769579616.409924
  }
}